alpha,beta,name,pair,window,wkcs,w2,kl
0.3,0.7,KL-dominant,1,2017-01-01,0.7915,0.25,1.0235
0.3,0.7,KL-dominant,2,2017-01-16,0.775,0.2394,1.0046
0.3,0.7,KL-dominant,3,2017-01-31,0.5577,0.2288,0.6986
0.3,0.7,KL-dominant,4,2017-02-15,1.0845,0.24,1.4464
0.3,0.7,KL-dominant,5,2017-03-02,1.5321,0.2195,2.0946
0.3,0.7,KL-dominant,6,2017-03-17,0.9136,0.2261,1.2082
0.3,0.7,KL-dominant,7,2017-04-01,0.7376,0.2342,0.9533
0.3,0.7,KL-dominant,8,2017-04-16,2.7199,0.2243,3.7894
0.3,0.7,KL-dominant,9,2017-05-01,4.6973,0.2294,6.6121
0.3,0.7,KL-dominant,10,2017-05-16,0.2645,0.2516,0.27
0.3,0.7,KL-dominant,11,2017-05-31,0.2981,0.2418,0.3222
0.3,0.7,KL-dominant,12,2017-06-15,1.5704,0.2516,2.1355
0.3,0.7,KL-dominant,13,2017-06-30,1.0213,0.2701,1.3432
0.3,0.7,KL-dominant,14,2017-07-15,0.6816,0.2293,0.8754
0.3,0.7,KL-dominant,15,2017-07-30,1.7067,0.2453,2.3331
0.3,0.7,KL-dominant,16,2017-08-14,2.1556,0.2644,2.9661
0.3,0.7,KL-dominant,17,2017-08-29,0.6845,0.2491,0.8712
0.3,0.7,KL-dominant,18,2017-09-13,0.6856,0.2335,0.8794
0.3,0.7,KL-dominant,19,2017-09-28,4.165,0.2639,5.8369
0.3,0.7,KL-dominant,20,2017-10-13,1.553,0.2556,2.109
0.3,0.7,KL-dominant,21,2017-10-28,1.267,0.2595,1.6987
0.3,0.7,KL-dominant,22,2017-11-12,0.2901,0.2469,0.3086
0.3,0.7,KL-dominant,23,2017-11-27,0.2068,0.2184,0.2019
0.3,0.7,KL-dominant,24,2017-12-12,2.6779,0.2556,3.716
0.3,0.7,KL-dominant,25,2017-12-27,1.432,0.2854,1.9234
0.3,0.7,KL-dominant,26,2018-01-11,1.8331,0.2395,2.5161
0.3,0.7,KL-dominant,27,2018-01-26,0.5104,0.2302,0.6306
0.3,0.7,KL-dominant,28,2018-02-10,1.2913,0.2197,1.7505
0.3,0.7,KL-dominant,29,2018-02-25,0.641,0.1979,0.8309
0.3,0.7,KL-dominant,30,2018-03-12,0.7881,0.2327,1.0262
0.3,0.7,KL-dominant,31,2018-03-27,0.681,0.2424,0.869
0.3,0.7,KL-dominant,32,2018-04-11,1.8631,0.2476,2.5555
0.3,0.7,KL-dominant,33,2018-04-26,0.6889,0.2663,0.87
0.3,0.7,KL-dominant,34,2018-05-11,0.5491,0.2372,0.6827
0.3,0.7,KL-dominant,35,2018-05-26,1.0374,0.2112,1.3914
0.3,0.7,KL-dominant,36,2018-06-10,0.5109,0.2405,0.6268
0.4,0.6,KL-leaning,1,2017-01-01,1.1754,0.2204,1.8121
0.4,0.6,KL-leaning,2,2017-01-16,0.86,0.2346,1.277
0.4,0.6,KL-leaning,3,2017-01-31,0.5758,0.2429,0.7977
0.4,0.6,KL-leaning,4,2017-02-15,1.6026,0.2473,2.5061
0.4,0.6,KL-leaning,5,2017-03-02,4.034,0.2736,6.5409
0.4,0.6,KL-leaning,6,2017-03-17,2.0146,0.2317,3.2031
0.4,0.6,KL-leaning,7,2017-04-01,0.6376,0.2181,0.9173
0.4,0.6,KL-leaning,8,2017-04-16,0.9028,0.2446,1.3416
0.4,0.6,KL-leaning,9,2017-05-01,1.6955,0.2509,2.6585
0.4,0.6,KL-leaning,10,2017-05-16,1.3477,0.2113,2.1053
0.4,0.6,KL-leaning,11,2017-05-31,0.7649,0.2341,1.1187
0.4,0.6,KL-leaning,12,2017-06-15,1.8382,0.2536,2.8946
0.4,0.6,KL-leaning,13,2017-06-30,0.9523,0.2322,1.4324
0.4,0.6,KL-leaning,14,2017-07-15,0.7736,0.2402,1.1292
0.4,0.6,KL-leaning,15,2017-07-30,0.3826,0.2583,0.4654
0.4,0.6,KL-leaning,16,2017-08-14,2.1698,0.2429,3.4545
0.4,0.6,KL-leaning,17,2017-08-29,0.8785,0.248,1.2988
0.4,0.6,KL-leaning,18,2017-09-13,0.3162,0.2486,0.3613
0.4,0.6,KL-leaning,19,2017-09-28,1.7297,0.2597,2.7097
0.4,0.6,KL-leaning,20,2017-10-13,1.3677,0.2556,2.109
0.4,0.6,KL-leaning,21,2017-10-28,1.1241,0.2516,1.7057
0.4,0.6,KL-leaning,22,2017-11-12,0.698,0.2235,1.0143
0.4,0.6,KL-leaning,23,2017-11-27,0.1626,0.2357,0.1139
0.4,0.6,KL-leaning,24,2017-12-12,2.8336,0.2861,4.532
0.4,0.6,KL-leaning,25,2017-12-27,1.0355,0.2528,1.5572
0.4,0.6,KL-leaning,26,2018-01-11,1.2462,0.2555,1.9067
0.4,0.6,KL-leaning,27,2018-01-26,0.3966,0.2199,0.5145
0.4,0.6,KL-leaning,28,2018-02-10,1.1187,0.1986,1.7322
0.4,0.6,KL-leaning,29,2018-02-25,0.6799,0.2498,0.9666
0.4,0.6,KL-leaning,30,2018-03-12,0.2227,0.2497,0.2047
0.4,0.6,KL-leaning,31,2018-03-27,0.9563,0.2408,1.4333
0.4,0.6,KL-leaning,32,2018-04-11,1.8697,0.2638,2.9403
0.4,0.6,KL-leaning,33,2018-04-26,0.9019,0.2254,1.353
0.4,0.6,KL-leaning,34,2018-05-11,0.4638,0.2452,0.6094
0.4,0.6,KL-leaning,35,2018-05-26,0.5164,0.225,0.7107
0.4,0.6,KL-leaning,36,2018-06-10,0.5489,0.2289,0.7623
0.5,0.5,Equal,1,2017-01-01,1.1606,0.182,2.1392
0.5,0.5,Equal,2,2017-01-16,0.7247,0.2388,1.2106
0.5,0.5,Equal,3,2017-01-31,0.3749,0.2266,0.5232
0.5,0.5,Equal,4,2017-02-15,0.4053,0.205,0.6055
0.5,0.5,Equal,5,2017-03-02,0.6213,0.2143,1.0282
0.5,0.5,Equal,6,2017-03-17,2.3032,0.2355,4.3708
0.5,0.5,Equal,7,2017-04-01,0.5794,0.2451,0.9138
0.5,0.5,Equal,8,2017-04-16,0.4635,0.2535,0.6735
0.5,0.5,Equal,9,2017-05-01,3.2447,0.2219,6.2675
0.5,0.5,Equal,10,2017-05-16,0.9952,0.2077,1.7828
0.5,0.5,Equal,11,2017-05-31,0.631,0.2592,1.0028
0.5,0.5,Equal,12,2017-06-15,1.4043,0.2811,2.5275
0.5,0.5,Equal,13,2017-06-30,0.8624,0.2624,1.4624
0.5,0.5,Equal,14,2017-07-15,0.7527,0.2242,1.2812
0.5,0.5,Equal,15,2017-07-30,0.5889,0.241,0.9368
0.5,0.5,Equal,16,2017-08-14,1.6288,0.2824,2.9752
0.5,0.5,Equal,17,2017-08-29,0.8265,0.2689,1.3842
0.5,0.5,Equal,18,2017-09-13,0.2234,0.222,0.2247
0.5,0.5,Equal,19,2017-09-28,1.597,0.2628,2.9312
0.5,0.5,Equal,20,2017-10-13,1.1823,0.2556,2.109
0.5,0.5,Equal,21,2017-10-28,1.0155,0.2663,1.7646
0.5,0.5,Equal,22,2017-11-12,0.4713,0.2475,0.6951
0.5,0.5,Equal,23,2017-11-27,0.3552,0.2431,0.4674
0.5,0.5,Equal,24,2017-12-12,2.5086,0.2865,4.7307
0.5,0.5,Equal,25,2017-12-27,0.9924,0.2654,1.7195
0.5,0.5,Equal,26,2018-01-11,1.5025,0.2474,2.7575
0.5,0.5,Equal,27,2018-01-26,0.4673,0.2137,0.7209
0.5,0.5,Equal,28,2018-02-10,1.2372,0.2176,2.2568
0.5,0.5,Equal,29,2018-02-25,0.6628,0.2035,1.1222
0.5,0.5,Equal,30,2018-03-12,0.4523,0.242,0.6626
0.5,0.5,Equal,31,2018-03-27,0.7592,0.2498,1.2686
0.5,0.5,Equal,32,2018-04-11,0.8967,0.2506,1.5429
0.5,0.5,Equal,33,2018-04-26,0.9069,0.2467,1.5672
0.5,0.5,Equal,34,2018-05-11,0.2098,0.2446,0.175
0.5,0.5,Equal,35,2018-05-26,0.6641,0.2309,1.0974
0.5,0.5,Equal,36,2018-06-10,0.3174,0.2466,0.3883
0.6,0.4,W2-leaning (ours),1,2017-01-01,0.5796,0.2408,1.0877
0.6,0.4,W2-leaning (ours),2,2017-01-16,0.4248,0.2354,0.7089
0.6,0.4,W2-leaning (ours),3,2017-01-31,0.6275,0.2598,1.1789
0.6,0.4,W2-leaning (ours),4,2017-02-15,0.5071,0.248,0.8958
0.6,0.4,W2-leaning (ours),5,2017-03-02,0.8881,0.2246,1.8835
0.6,0.4,W2-leaning (ours),6,2017-03-17,2.0021,0.2521,4.6271
0.6,0.4,W2-leaning (ours),7,2017-04-01,0.2225,0.2252,0.2186
0.6,0.4,W2-leaning (ours),8,2017-04-16,1.0056,0.2269,2.1737
0.6,0.4,W2-leaning (ours),9,2017-05-01,1.1149,0.2344,2.4355
0.6,0.4,W2-leaning (ours),10,2017-05-16,0.6778,0.2242,1.3582
0.6,0.4,W2-leaning (ours),11,2017-05-31,0.7027,0.2495,1.3825
0.6,0.4,W2-leaning (ours),12,2017-06-15,1.4089,0.2519,3.1444
0.6,0.4,W2-leaning (ours),13,2017-06-30,0.7562,0.2611,1.4987
0.6,0.4,W2-leaning (ours),14,2017-07-15,0.5635,0.2552,1.026
0.6,0.4,W2-leaning (ours),15,2017-07-30,1.0065,0.2251,2.1786
0.6,0.4,W2-leaning (ours),16,2017-08-14,1.6869,0.2748,3.805
0.6,0.4,W2-leaning (ours),17,2017-08-29,0.7901,0.2593,1.5864
0.6,0.4,W2-leaning (ours),18,2017-09-13,0.3084,0.2602,0.3807
0.6,0.4,W2-leaning (ours),19,2017-09-28,1.2397,0.2288,2.7562
0.6,0.4,W2-leaning (ours),20,2017-10-13,0.997,0.2556,2.109
0.6,0.4,W2-leaning (ours),21,2017-10-28,0.7878,0.2625,1.5758
0.6,0.4,W2-leaning (ours),22,2017-11-12,0.3935,0.2469,0.6134
0.6,0.4,W2-leaning (ours),23,2017-11-27,0.352,0.2376,0.5234
0.6,0.4,W2-leaning (ours),24,2017-12-12,1.7464,0.2486,3.9931
0.6,0.4,W2-leaning (ours),25,2017-12-27,1.1416,0.291,2.4176
0.6,0.4,W2-leaning (ours),26,2018-01-11,1.095,0.2365,2.3827
0.6,0.4,W2-leaning (ours),27,2018-01-26,0.8653,0.2271,1.8225
0.6,0.4,W2-leaning (ours),28,2018-02-10,0.5304,0.2014,1.0238
0.6,0.4,W2-leaning (ours),29,2018-02-25,0.5227,0.2275,0.9654
0.6,0.4,W2-leaning (ours),30,2018-03-12,0.4063,0.2282,0.6734
0.6,0.4,W2-leaning (ours),31,2018-03-27,0.8587,0.2192,1.818
0.6,0.4,W2-leaning (ours),32,2018-04-11,0.7445,0.2442,1.4949
0.6,0.4,W2-leaning (ours),33,2018-04-26,0.8832,0.2567,1.823
0.6,0.4,W2-leaning (ours),34,2018-05-11,0.4319,0.2369,0.7243
0.6,0.4,W2-leaning (ours),35,2018-05-26,0.6234,0.2316,1.211
0.6,0.4,W2-leaning (ours),36,2018-06-10,0.3739,0.2143,0.6133
0.7,0.3,W2-dominant,1,2017-01-01,0.4901,0.2018,1.1628
0.7,0.3,W2-dominant,2,2017-01-16,0.5124,0.2174,1.2008
0.7,0.3,W2-dominant,3,2017-01-31,0.3402,0.2459,0.56
0.7,0.3,W2-dominant,4,2017-02-15,0.7441,0.2408,1.9183
0.7,0.3,W2-dominant,5,2017-03-02,3.1777,0.2575,9.9914
0.7,0.3,W2-dominant,6,2017-03-17,1.5867,0.2612,4.6796
0.7,0.3,W2-dominant,7,2017-04-01,0.3496,0.2309,0.6264
0.7,0.3,W2-dominant,8,2017-04-16,1.617,0.2459,4.8163
0.7,0.3,W2-dominant,9,2017-05-01,1.181,0.2297,3.4008
0.7,0.3,W2-dominant,10,2017-05-16,0.6977,0.1915,1.879
0.7,0.3,W2-dominant,11,2017-05-31,0.8286,0.229,2.2276
0.7,0.3,W2-dominant,12,2017-06-15,1.0043,0.254,2.7549
0.7,0.3,W2-dominant,13,2017-06-30,0.6063,0.2584,1.4181
0.7,0.3,W2-dominant,14,2017-07-15,0.2678,0.2278,0.3614
0.7,0.3,W2-dominant,15,2017-07-30,0.493,0.2267,1.1145
0.7,0.3,W2-dominant,16,2017-08-14,1.2473,0.2521,3.5695
0.7,0.3,W2-dominant,17,2017-08-29,0.7587,0.2672,1.9056
0.7,0.3,W2-dominant,18,2017-09-13,0.5876,0.2448,1.3876
0.7,0.3,W2-dominant,19,2017-09-28,1.0686,0.2789,2.9111
0.7,0.3,W2-dominant,20,2017-10-13,0.8116,0.2556,2.109
0.7,0.3,W2-dominant,21,2017-10-28,0.7081,0.2614,1.7504
0.7,0.3,W2-dominant,22,2017-11-12,0.4795,0.2398,1.0388
0.7,0.3,W2-dominant,23,2017-11-27,0.6466,0.2361,1.6043
0.7,0.3,W2-dominant,24,2017-12-12,1.4256,0.2602,4.1447
0.7,0.3,W2-dominant,25,2017-12-27,0.8538,0.2568,2.2469
0.7,0.3,W2-dominant,26,2018-01-11,1.0041,0.2503,2.7628
0.7,0.3,W2-dominant,27,2018-01-26,0.4674,0.2276,1.0267
0.7,0.3,W2-dominant,28,2018-02-10,0.9478,0.1886,2.7193
0.7,0.3,W2-dominant,29,2018-02-25,0.2478,0.2535,0.2346
0.7,0.3,W2-dominant,30,2018-03-12,0.4658,0.2368,1.0
0.7,0.3,W2-dominant,31,2018-03-27,0.7306,0.2347,1.8877
0.7,0.3,W2-dominant,32,2018-04-11,0.4101,0.2507,0.7821
0.7,0.3,W2-dominant,33,2018-04-26,0.4412,0.2553,0.8752
0.7,0.3,W2-dominant,34,2018-05-11,0.3326,0.2369,0.556
0.7,0.3,W2-dominant,35,2018-05-26,0.2658,0.2251,0.3609
0.7,0.3,W2-dominant,36,2018-06-10,0.5827,0.2173,1.4354
0.8,0.2,W2-heavy,1,2017-01-01,0.3196,0.2387,0.6433
0.8,0.2,W2-heavy,2,2017-01-16,0.5228,0.2294,1.6965
0.8,0.2,W2-heavy,3,2017-01-31,0.4847,0.2381,1.471
0.8,0.2,W2-heavy,4,2017-02-15,0.3366,0.2397,0.7239
0.8,0.2,W2-heavy,5,2017-03-02,1.903,0.2601,8.4746
0.8,0.2,W2-heavy,6,2017-03-17,0.7557,0.2372,2.8298
0.8,0.2,W2-heavy,7,2017-04-01,0.4596,0.2339,1.3627
0.8,0.2,W2-heavy,8,2017-04-16,0.575,0.2324,1.9454
0.8,0.2,W2-heavy,9,2017-05-01,1.5059,0.2204,6.648
0.8,0.2,W2-heavy,10,2017-05-16,0.4682,0.2115,1.4947
0.8,0.2,W2-heavy,11,2017-05-31,0.326,0.2382,0.677
0.8,0.2,W2-heavy,12,2017-06-15,0.7673,0.2837,2.7014
0.8,0.2,W2-heavy,13,2017-06-30,0.4962,0.2634,1.4276
0.8,0.2,W2-heavy,14,2017-07-15,0.4309,0.2246,1.2561
0.8,0.2,W2-heavy,15,2017-07-30,0.4864,0.2156,1.5696
0.8,0.2,W2-heavy,16,2017-08-14,0.8861,0.259,3.3944
0.8,0.2,W2-heavy,17,2017-08-29,0.594,0.2576,1.9393
0.8,0.2,W2-heavy,18,2017-09-13,0.4258,0.2356,1.1867
0.8,0.2,W2-heavy,19,2017-09-28,0.7997,0.2553,2.9774
0.8,0.2,W2-heavy,20,2017-10-13,0.6263,0.2556,2.109
0.8,0.2,W2-heavy,21,2017-10-28,0.5706,0.2782,1.7401
0.8,0.2,W2-heavy,22,2017-11-12,0.3569,0.242,0.8165
0.8,0.2,W2-heavy,23,2017-11-27,0.4137,0.2201,1.1878
0.8,0.2,W2-heavy,24,2017-12-12,1.0506,0.2546,4.2349
0.8,0.2,W2-heavy,25,2017-12-27,0.6421,0.2564,2.1847
0.8,0.2,W2-heavy,26,2018-01-11,0.5869,0.2546,1.9162
0.8,0.2,W2-heavy,27,2018-01-26,0.4087,0.2358,1.1004
0.8,0.2,W2-heavy,28,2018-02-10,0.5054,0.2432,1.5544
0.8,0.2,W2-heavy,29,2018-02-25,0.316,0.2439,0.6048
0.8,0.2,W2-heavy,30,2018-03-12,0.3212,0.226,0.7022
0.8,0.2,W2-heavy,31,2018-03-27,0.3478,0.2278,0.8278
0.8,0.2,W2-heavy,32,2018-04-11,0.3852,0.2564,0.9005
0.8,0.2,W2-heavy,33,2018-04-26,0.2764,0.2022,0.5736
0.8,0.2,W2-heavy,34,2018-05-11,0.3501,0.2672,0.6814
0.8,0.2,W2-heavy,35,2018-05-26,0.238,0.2492,0.1931
0.8,0.2,W2-heavy,36,2018-06-10,0.3315,0.2229,0.7656
